"","Original","Model-Based Weights","BW0","BW0.01","BW0.05","BW0.5","BW1","BW5","BW10","BW50"
"PBR",0,85,99.9999999853397,99.9993193114598,99.9994031531457,99.997297355197,99.8187123463784,99.471717285247,99.6071477337668,99.7848634634648
"Treatment",6370,4163,3439,3897,3897,3897,3903,3919,3915,3907
"Control",72730,70065,71586,72467,72467,72467,72467,72467,72467,72467
"Total",79100,74228,75025,76364,76364,76364,76370,76386,76382,76374
