"","Original","Model-Based Weights","BW0","BW0.01","BW0.05","BW0.5","BW1","BW5","BW10","BW50"
"PBR",0,74,99.9999998740231,99.9959282258951,99.9998098815643,99.9801297991561,99.8168507122981,99.9566419454092,99.9508330918982,99.9878775029816
"Treatment",632,443,304,369,369,369,370,369,369,369
"Control",7278,7248,7166,7254,7254,7254,7254,7254,7254,7254
"Total",7910,7691,7470,7623,7623,7623,7624,7623,7623,7623
